filepath,surprise,fear,disgust,happiness,sadness,anger
dataset/validation_set/img496_sadness.jpg,0.12,0.14,0.16,0.19,0.21,0.18
dataset/validation_set/img358_happiness.jpg,0.14,0.15,0.16,0.14,0.21,0.2
dataset/validation_set/img190_fear.jpg,0.14,0.15,0.17,0.15,0.2,0.18
dataset/validation_set/img191_fear.jpg,0.16,0.15,0.14,0.17,0.19,0.2
dataset/validation_set/img081_surprise.jpg,0.14,0.14,0.16,0.19,0.18,0.19
dataset/validation_set/img247_disgust.jpg,0.14,0.16,0.18,0.18,0.17,0.17
dataset/validation_set/img102_fear.jpg,0.15,0.16,0.16,0.17,0.2,0.17
dataset/validation_set/img103_fear.jpg,0.14,0.15,0.15,0.17,0.19,0.2
dataset/validation_set/img237_disgust.jpg,0.14,0.15,0.16,0.18,0.18,0.18
dataset/validation_set/img086_surprise.jpg,0.14,0.14,0.17,0.17,0.21,0.18
dataset/validation_set/img504_anger.jpg,0.12,0.18,0.14,0.17,0.21,0.18
dataset/validation_set/img079_surprise.jpg,0.16,0.15,0.18,0.18,0.18,0.15
dataset/validation_set/img510_anger.jpg,0.13,0.17,0.16,0.17,0.2,0.17
dataset/validation_set/img269_disgust.jpg,0.13,0.17,0.18,0.18,0.16,0.18
dataset/validation_set/img445_sadness.jpg,0.14,0.16,0.16,0.18,0.2,0.16
dataset/validation_set/img361_happiness.jpg,0.15,0.14,0.17,0.21,0.17,0.17
dataset/validation_set/img294_disgust.jpg,0.16,0.14,0.15,0.17,0.21,0.17
dataset/validation_set/img219_disgust.jpg,0.15,0.17,0.16,0.17,0.18,0.17
dataset/validation_set/img435_sadness.jpg,0.14,0.16,0.16,0.2,0.19,0.15
dataset/validation_set/img376_happiness.jpg,0.15,0.16,0.17,0.17,0.16,0.18
dataset/validation_set/img093_surprise.jpg,0.15,0.17,0.17,0.17,0.18,0.16
dataset/validation_set/img039_surprise.jpg,0.14,0.16,0.14,0.16,0.2,0.21
dataset/validation_set/img531_anger.jpg,0.15,0.15,0.15,0.19,0.19,0.17
dataset/validation_set/img429_sadness.jpg,0.14,0.19,0.16,0.17,0.18,0.16
dataset/validation_set/img205_disgust.jpg,0.14,0.16,0.15,0.17,0.2,0.18
dataset/validation_set/img288_disgust.jpg,0.13,0.18,0.14,0.18,0.19,0.18
dataset/validation_set/img094_surprise.jpg,0.16,0.16,0.18,0.17,0.16,0.18
dataset/validation_set/img582_anger.jpg,0.17,0.16,0.18,0.14,0.17,0.18
dataset/validation_set/img459_sadness.jpg,0.16,0.17,0.15,0.15,0.19,0.17
dataset/validation_set/img275_disgust.jpg,0.14,0.17,0.16,0.2,0.18,0.14
dataset/validation_set/img407_sadness.jpg,0.14,0.15,0.18,0.18,0.16,0.2
dataset/validation_set/img596_anger.jpg,0.14,0.16,0.17,0.16,0.18,0.19
dataset/validation_set/img372_happiness.jpg,0.13,0.15,0.15,0.2,0.17,0.2
dataset/validation_set/img175_fear.jpg,0.13,0.18,0.17,0.17,0.17,0.18
dataset/validation_set/img477_sadness.jpg,0.14,0.16,0.15,0.18,0.19,0.18
dataset/validation_set/img365_happiness.jpg,0.14,0.13,0.18,0.2,0.17,0.19
dataset/validation_set/img174_fear.jpg,0.16,0.17,0.16,0.15,0.19,0.16
dataset/validation_set/img525_anger.jpg,0.16,0.18,0.16,0.16,0.19,0.16
dataset/validation_set/img141_fear.jpg,0.15,0.15,0.16,0.17,0.18,0.19
dataset/validation_set/img140_fear.jpg,0.14,0.15,0.19,0.17,0.17,0.19
dataset/validation_set/img573_anger.jpg,0.16,0.16,0.17,0.17,0.16,0.17
dataset/validation_set/img008_surprise.jpg,0.14,0.14,0.15,0.2,0.21,0.16
dataset/validation_set/img412_sadness.jpg,0.14,0.19,0.15,0.17,0.2,0.15
dataset/validation_set/img382_happiness.jpg,0.15,0.12,0.17,0.2,0.19,0.17
dataset/validation_set/img509_anger.jpg,0.17,0.17,0.17,0.17,0.17,0.16
dataset/validation_set/img328_happiness.jpg,0.16,0.18,0.17,0.16,0.15,0.16
dataset/validation_set/img395_happiness.jpg,0.12,0.14,0.18,0.18,0.17,0.2
dataset/validation_set/img462_sadness.jpg,0.16,0.18,0.19,0.14,0.17,0.15
dataset/validation_set/img306_happiness.jpg,0.17,0.17,0.17,0.17,0.16,0.16
dataset/validation_set/img210_disgust.jpg,0.16,0.15,0.17,0.17,0.18,0.16
dataset/validation_set/img108_fear.jpg,0.18,0.16,0.14,0.17,0.2,0.16
dataset/validation_set/img109_fear.jpg,0.15,0.15,0.16,0.18,0.17,0.18
dataset/validation_set/img311_happiness.jpg,0.14,0.16,0.17,0.15,0.17,0.2
dataset/validation_set/img567_anger.jpg,0.15,0.16,0.18,0.14,0.2,0.17
dataset/validation_set/img260_disgust.jpg,0.15,0.16,0.16,0.16,0.17,0.2
dataset/validation_set/img450_sadness.jpg,0.13,0.17,0.16,0.17,0.19,0.18
dataset/validation_set/img391_happiness.jpg,0.14,0.12,0.15,0.19,0.17,0.22
dataset/validation_set/img281_disgust.jpg,0.13,0.16,0.16,0.18,0.2,0.17
dataset/validation_set/img386_happiness.jpg,0.13,0.15,0.18,0.19,0.19,0.15
dataset/validation_set/img420_sadness.jpg,0.14,0.15,0.17,0.18,0.17,0.18
dataset/validation_set/img546_anger.jpg,0.14,0.17,0.15,0.16,0.21,0.17
dataset/validation_set/img048_surprise.jpg,0.14,0.15,0.16,0.18,0.19,0.17
dataset/validation_set/img136_fear.jpg,0.15,0.15,0.16,0.17,0.2,0.17
dataset/validation_set/img137_fear.jpg,0.15,0.16,0.15,0.19,0.18,0.16
dataset/validation_set/img483_sadness.jpg,0.16,0.17,0.17,0.17,0.17,0.16
dataset/validation_set/img552_anger.jpg,0.16,0.15,0.16,0.16,0.17,0.19
dataset/validation_set/img315_happiness.jpg,0.14,0.17,0.16,0.18,0.18,0.17
dataset/validation_set/img252_disgust.jpg,0.14,0.17,0.16,0.18,0.18,0.18
dataset/validation_set/img528_anger.jpg,0.14,0.16,0.14,0.19,0.2,0.17
dataset/validation_set/img302_happiness.jpg,0.16,0.16,0.14,0.16,0.21,0.17
dataset/validation_set/img222_disgust.jpg,0.15,0.15,0.18,0.16,0.17,0.19
dataset/validation_set/img584_anger.jpg,0.12,0.17,0.14,0.17,0.2,0.19
dataset/validation_set/img449_sadness.jpg,0.13,0.15,0.15,0.16,0.22,0.19
dataset/validation_set/img265_disgust.jpg,0.15,0.16,0.17,0.19,0.16,0.17
dataset/validation_set/img095_surprise.jpg,0.15,0.15,0.16,0.17,0.18,0.18
dataset/validation_set/img298_disgust.jpg,0.15,0.17,0.15,0.18,0.19,0.16
dataset/validation_set/img396_happiness.jpg,0.14,0.15,0.15,0.17,0.2,0.18
dataset/validation_set/img439_sadness.jpg,0.16,0.17,0.16,0.18,0.16,0.17
dataset/validation_set/img215_disgust.jpg,0.13,0.17,0.17,0.16,0.19,0.19
dataset/validation_set/img537_anger.jpg,0.15,0.19,0.18,0.17,0.16,0.14
dataset/validation_set/img381_happiness.jpg,0.14,0.15,0.17,0.19,0.17,0.18
dataset/validation_set/img038_surprise.jpg,0.14,0.17,0.19,0.17,0.16,0.17
dataset/validation_set/img092_surprise.jpg,0.13,0.18,0.17,0.15,0.18,0.2
dataset/validation_set/img115_fear.jpg,0.14,0.15,0.17,0.18,0.17,0.19
dataset/validation_set/img114_fear.jpg,0.13,0.15,0.18,0.18,0.19,0.17
dataset/validation_set/img523_anger.jpg,0.15,0.18,0.16,0.16,0.21,0.15
dataset/validation_set/img312_happiness.jpg,0.14,0.15,0.16,0.18,0.21,0.17
dataset/validation_set/img467_sadness.jpg,0.14,0.15,0.16,0.17,0.19,0.18
dataset/validation_set/img305_happiness.jpg,0.13,0.16,0.16,0.17,0.18,0.2
dataset/validation_set/img187_fear.jpg,0.15,0.17,0.16,0.17,0.16,0.18
dataset/validation_set/img186_fear.jpg,0.12,0.14,0.16,0.18,0.2,0.19
dataset/validation_set/img559_anger.jpg,0.14,0.14,0.19,0.19,0.17,0.17
dataset/validation_set/img590_anger.jpg,0.14,0.18,0.19,0.14,0.2,0.15
dataset/validation_set/img417_sadness.jpg,0.14,0.15,0.17,0.16,0.22,0.16
dataset/validation_set/img162_fear.jpg,0.14,0.16,0.16,0.19,0.18,0.18
dataset/validation_set/img163_fear.jpg,0.11,0.17,0.17,0.2,0.18,0.17
dataset/validation_set/img078_surprise.jpg,0.15,0.17,0.16,0.16,0.19,0.17
dataset/validation_set/img227_disgust.jpg,0.13,0.16,0.18,0.17,0.2,0.16
dataset/validation_set/img087_surprise.jpg,0.15,0.15,0.2,0.15,0.19,0.16
dataset/validation_set/img502_anger.jpg,0.15,0.17,0.15,0.15,0.18,0.2
dataset/validation_set/img385_happiness.jpg,0.13,0.15,0.17,0.19,0.19,0.16
dataset/validation_set/img338_happiness.jpg,0.15,0.15,0.16,0.15,0.22,0.17
dataset/validation_set/img080_surprise.jpg,0.12,0.16,0.17,0.16,0.2,0.18
dataset/validation_set/img257_disgust.jpg,0.15,0.18,0.15,0.18,0.19,0.16
dataset/validation_set/img392_happiness.jpg,0.12,0.15,0.18,0.18,0.19,0.18
dataset/validation_set/img486_sadness.jpg,0.14,0.15,0.17,0.16,0.2,0.17
dataset/validation_set/img578_anger.jpg,0.13,0.16,0.17,0.18,0.2,0.17
dataset/validation_set/img209_disgust.jpg,0.16,0.13,0.16,0.17,0.18,0.2
dataset/validation_set/img301_happiness.jpg,0.13,0.13,0.17,0.17,0.2,0.19
dataset/validation_set/img425_sadness.jpg,0.16,0.17,0.14,0.16,0.18,0.18
dataset/validation_set/img516_anger.jpg,0.12,0.14,0.19,0.19,0.19,0.18
dataset/validation_set/img284_disgust.jpg,0.15,0.16,0.15,0.19,0.18,0.17
dataset/validation_set/img316_happiness.jpg,0.15,0.2,0.17,0.18,0.16,0.15
dataset/validation_set/img279_disgust.jpg,0.14,0.14,0.15,0.18,0.19,0.2
dataset/validation_set/img455_sadness.jpg,0.15,0.16,0.18,0.16,0.16,0.19
dataset/validation_set/img049_surprise.jpg,0.16,0.16,0.17,0.16,0.17,0.18
dataset/validation_set/img430_sadness.jpg,0.14,0.15,0.15,0.18,0.18,0.19
dataset/validation_set/img589_anger.jpg,0.14,0.16,0.19,0.17,0.17,0.17
dataset/validation_set/img540_anger.jpg,0.15,0.15,0.17,0.16,0.18,0.19
dataset/validation_set/img291_disgust.jpg,0.15,0.17,0.16,0.17,0.2,0.16
dataset/validation_set/img440_sadness.jpg,0.13,0.15,0.16,0.2,0.17,0.19
dataset/validation_set/img232_disgust.jpg,0.15,0.16,0.16,0.16,0.21,0.17
dataset/validation_set/img375_happiness.jpg,0.15,0.15,0.16,0.16,0.19,0.18
dataset/validation_set/img554_anger.jpg,0.12,0.16,0.16,0.17,0.21,0.19
dataset/validation_set/img156_fear.jpg,0.13,0.16,0.18,0.16,0.19,0.19
dataset/validation_set/img362_happiness.jpg,0.14,0.16,0.14,0.18,0.2,0.18
dataset/validation_set/img157_fear.jpg,0.16,0.15,0.17,0.18,0.16,0.18
dataset/validation_set/img242_disgust.jpg,0.15,0.15,0.17,0.16,0.17,0.19
dataset/validation_set/img493_sadness.jpg,0.18,0.15,0.17,0.15,0.19,0.16
dataset/validation_set/img472_sadness.jpg,0.14,0.16,0.19,0.16,0.18,0.17
dataset/validation_set/img348_happiness.jpg,0.14,0.12,0.18,0.19,0.18,0.18
dataset/validation_set/img575_anger.jpg,0.17,0.15,0.15,0.18,0.19,0.17
dataset/validation_set/img121_fear.jpg,0.15,0.16,0.16,0.15,0.2,0.17
dataset/validation_set/img120_fear.jpg,0.14,0.15,0.17,0.15,0.21,0.18
dataset/validation_set/img402_sadness.jpg,0.14,0.17,0.18,0.15,0.18,0.17
dataset/validation_set/img009_surprise.jpg,0.16,0.15,0.17,0.15,0.2,0.17
dataset/validation_set/img270_disgust.jpg,0.15,0.17,0.16,0.16,0.21,0.16
dataset/validation_set/img366_happiness.jpg,0.15,0.15,0.17,0.18,0.19,0.17
dataset/validation_set/img561_anger.jpg,0.16,0.18,0.15,0.17,0.18,0.17
dataset/validation_set/img371_happiness.jpg,0.13,0.18,0.19,0.17,0.17,0.16
dataset/validation_set/img200_disgust.jpg,0.14,0.17,0.19,0.17,0.17,0.17
dataset/validation_set/img168_fear.jpg,0.15,0.14,0.14,0.16,0.21,0.19
dataset/validation_set/img169_fear.jpg,0.15,0.15,0.17,0.2,0.16,0.17
dataset/validation_set/img003_surprise.jpg,0.16,0.17,0.15,0.16,0.19,0.17
dataset/validation_set/img056_surprise.jpg,0.17,0.15,0.17,0.17,0.16,0.18
dataset/validation_set/img511_anger.jpg,0.12,0.16,0.16,0.17,0.19,0.2
dataset/validation_set/img273_disgust.jpg,0.17,0.16,0.14,0.19,0.18,0.17
dataset/validation_set/img342_happiness.jpg,0.13,0.16,0.18,0.14,0.2,0.18
dataset/validation_set/img004_surprise.jpg,0.14,0.17,0.15,0.15,0.21,0.17
dataset/validation_set/img051_surprise.jpg,0.14,0.17,0.16,0.18,0.18,0.18
dataset/validation_set/img355_happiness.jpg,0.15,0.15,0.16,0.21,0.17,0.16
dataset/validation_set/img203_disgust.jpg,0.15,0.17,0.15,0.18,0.2,0.16
dataset/validation_set/img471_sadness.jpg,0.16,0.17,0.19,0.16,0.15,0.18
dataset/validation_set/img180_fear.jpg,0.14,0.15,0.15,0.2,0.18,0.18
dataset/validation_set/img181_fear.jpg,0.15,0.14,0.15,0.17,0.2,0.18
dataset/validation_set/img401_sadness.jpg,0.16,0.16,0.18,0.16,0.18,0.16
dataset/validation_set/img112_fear.jpg,0.15,0.14,0.15,0.17,0.21,0.18
dataset/validation_set/img113_fear.jpg,0.13,0.17,0.17,0.15,0.2,0.18
dataset/validation_set/img505_anger.jpg,0.14,0.15,0.18,0.16,0.18,0.18
dataset/validation_set/img231_disgust.jpg,0.14,0.18,0.18,0.16,0.17,0.17
dataset/validation_set/img011_surprise.jpg,0.16,0.16,0.14,0.18,0.18,0.18
dataset/validation_set/img597_anger.jpg,0.14,0.15,0.17,0.15,0.19,0.21
dataset/validation_set/img044_surprise.jpg,0.15,0.17,0.14,0.18,0.2,0.17
dataset/validation_set/img351_happiness.jpg,0.14,0.14,0.17,0.17,0.2,0.17
dataset/validation_set/img165_fear.jpg,0.14,0.17,0.17,0.16,0.18,0.18
dataset/validation_set/img164_fear.jpg,0.15,0.15,0.16,0.19,0.18,0.17
dataset/validation_set/img490_sadness.jpg,0.16,0.18,0.15,0.15,0.18,0.18
dataset/validation_set/img346_happiness.jpg,0.13,0.18,0.19,0.16,0.18,0.16
dataset/validation_set/img524_anger.jpg,0.14,0.14,0.16,0.18,0.15,0.23
dataset/validation_set/img241_disgust.jpg,0.13,0.16,0.16,0.18,0.16,0.2
dataset/validation_set/img016_surprise.jpg,0.15,0.14,0.18,0.15,0.2,0.18
dataset/validation_set/img043_surprise.jpg,0.14,0.15,0.18,0.2,0.17,0.15
dataset/validation_set/img433_sadness.jpg,0.16,0.2,0.15,0.17,0.17,0.15
dataset/validation_set/img530_anger.jpg,0.15,0.14,0.2,0.15,0.18,0.18
dataset/validation_set/img368_happiness.jpg,0.16,0.14,0.15,0.18,0.2,0.18
dataset/validation_set/img443_sadness.jpg,0.15,0.15,0.17,0.16,0.18,0.18
dataset/validation_set/img583_anger.jpg,0.14,0.16,0.15,0.16,0.21,0.18
dataset/validation_set/img292_disgust.jpg,0.13,0.16,0.17,0.15,0.22,0.16
dataset/validation_set/img426_sadness.jpg,0.14,0.15,0.14,0.19,0.19,0.18
dataset/validation_set/img118_fear.jpg,0.14,0.15,0.2,0.15,0.16,0.2
dataset/validation_set/img398_happiness.jpg,0.13,0.18,0.15,0.18,0.18,0.18
dataset/validation_set/img020_surprise.jpg,0.17,0.15,0.15,0.15,0.2,0.18
dataset/validation_set/img075_surprise.jpg,0.15,0.16,0.15,0.17,0.19,0.18
dataset/validation_set/img119_fear.jpg,0.14,0.14,0.16,0.19,0.18,0.19
dataset/validation_set/img325_happiness.jpg,0.14,0.17,0.17,0.15,0.18,0.18
dataset/validation_set/img332_happiness.jpg,0.17,0.17,0.16,0.14,0.21,0.15
dataset/validation_set/img456_sadness.jpg,0.11,0.19,0.21,0.17,0.14,0.18
dataset/validation_set/img287_disgust.jpg,0.13,0.17,0.17,0.16,0.16,0.21
dataset/validation_set/img027_surprise.jpg,0.13,0.15,0.16,0.2,0.18,0.18
dataset/validation_set/img072_surprise.jpg,0.15,0.15,0.17,0.17,0.18,0.18
dataset/validation_set/img566_anger.jpg,0.14,0.16,0.16,0.17,0.16,0.21
dataset/validation_set/img572_anger.jpg,0.15,0.16,0.17,0.17,0.17,0.19
dataset/validation_set/img151_fear.jpg,0.15,0.15,0.15,0.16,0.2,0.19
dataset/validation_set/img150_fear.jpg,0.13,0.17,0.15,0.15,0.19,0.2
dataset/validation_set/img224_disgust.jpg,0.13,0.14,0.17,0.18,0.2,0.18
dataset/validation_set/img408_sadness.jpg,0.15,0.17,0.18,0.2,0.14,0.17
dataset/validation_set/img485_sadness.jpg,0.14,0.17,0.17,0.18,0.19,0.16
dataset/validation_set/img508_anger.jpg,0.16,0.15,0.16,0.18,0.17,0.18
dataset/validation_set/img254_disgust.jpg,0.15,0.16,0.16,0.16,0.17,0.19
dataset/validation_set/img478_sadness.jpg,0.15,0.17,0.15,0.16,0.2,0.17
dataset/validation_set/img464_sadness.jpg,0.16,0.14,0.15,0.15,0.2,0.2
dataset/validation_set/img553_anger.jpg,0.15,0.16,0.16,0.18,0.18,0.16
dataset/validation_set/img248_disgust.jpg,0.12,0.15,0.2,0.18,0.17,0.18
dataset/validation_set/img126_fear.jpg,0.16,0.16,0.16,0.17,0.18,0.17
dataset/validation_set/img098_surprise.jpg,0.13,0.14,0.17,0.18,0.19,0.18
dataset/validation_set/img032_surprise.jpg,0.16,0.16,0.18,0.16,0.17,0.17
dataset/validation_set/img067_surprise.jpg,0.17,0.15,0.14,0.19,0.18,0.17
dataset/validation_set/img127_fear.jpg,0.13,0.12,0.15,0.2,0.19,0.21
dataset/validation_set/img336_happiness.jpg,0.16,0.17,0.14,0.15,0.2,0.19
dataset/validation_set/img499_sadness.jpg,0.14,0.15,0.18,0.15,0.2,0.18
dataset/validation_set/img321_happiness.jpg,0.16,0.15,0.13,0.18,0.2,0.17
dataset/validation_set/img414_sadness.jpg,0.16,0.14,0.17,0.15,0.19,0.18
dataset/validation_set/img238_disgust.jpg,0.13,0.14,0.17,0.16,0.21,0.19
dataset/validation_set/img035_surprise.jpg,0.15,0.16,0.15,0.17,0.17,0.19
dataset/validation_set/img060_surprise.jpg,0.15,0.16,0.15,0.15,0.2,0.19
dataset/validation_set/img529_anger.jpg,0.12,0.19,0.19,0.15,0.18,0.17
dataset/validation_set/img266_disgust.jpg,0.15,0.16,0.18,0.16,0.2,0.15
dataset/validation_set/img318_happiness.jpg,0.13,0.14,0.18,0.15,0.21,0.18
dataset/validation_set/img216_disgust.jpg,0.15,0.13,0.19,0.2,0.17,0.16
dataset/validation_set/img547_anger.jpg,0.14,0.15,0.15,0.17,0.2,0.19
dataset/validation_set/img251_disgust.jpg,0.16,0.17,0.16,0.16,0.2,0.15
dataset/validation_set/img105_fear.jpg,0.15,0.15,0.17,0.17,0.19,0.18
dataset/validation_set/img042_surprise.jpg,0.13,0.16,0.15,0.18,0.19,0.18
dataset/validation_set/img017_surprise.jpg,0.14,0.15,0.17,0.16,0.17,0.2
dataset/validation_set/img104_fear.jpg,0.14,0.14,0.16,0.18,0.2,0.17
dataset/validation_set/img480_sadness.jpg,0.15,0.16,0.18,0.16,0.19,0.16
dataset/validation_set/img522_anger.jpg,0.12,0.17,0.18,0.16,0.19,0.18
dataset/validation_set/img331_happiness.jpg,0.15,0.14,0.17,0.16,0.19,0.19
dataset/validation_set/img221_disgust.jpg,0.14,0.14,0.15,0.17,0.2,0.2
dataset/validation_set/img326_happiness.jpg,0.14,0.16,0.17,0.19,0.18,0.17
dataset/validation_set/img045_surprise.jpg,0.15,0.14,0.19,0.18,0.15,0.19
dataset/validation_set/img010_surprise.jpg,0.12,0.16,0.17,0.18,0.2,0.18
dataset/validation_set/img558_anger.jpg,0.14,0.18,0.17,0.16,0.17,0.18
dataset/validation_set/img591_anger.jpg,0.13,0.13,0.19,0.16,0.2,0.19
dataset/validation_set/img197_fear.jpg,0.14,0.2,0.15,0.18,0.18,0.16
dataset/validation_set/img196_fear.jpg,0.15,0.17,0.16,0.18,0.18,0.16
dataset/validation_set/img282_disgust.jpg,0.14,0.16,0.16,0.17,0.2,0.16
dataset/validation_set/img585_anger.jpg,0.17,0.15,0.18,0.16,0.19,0.16
dataset/validation_set/img308_happiness.jpg,0.15,0.18,0.18,0.15,0.17,0.17
dataset/validation_set/img453_sadness.jpg,0.14,0.15,0.18,0.18,0.18,0.17
dataset/validation_set/img536_anger.jpg,0.13,0.16,0.16,0.2,0.18,0.17
dataset/validation_set/img423_sadness.jpg,0.15,0.16,0.14,0.16,0.2,0.18
dataset/validation_set/img213_disgust.jpg,0.13,0.16,0.18,0.17,0.19,0.17
dataset/validation_set/img050_surprise.jpg,0.15,0.16,0.18,0.16,0.18,0.17
dataset/validation_set/img005_surprise.jpg,0.15,0.16,0.16,0.16,0.19,0.18
dataset/validation_set/img322_happiness.jpg,0.15,0.16,0.19,0.16,0.17,0.17
dataset/validation_set/img335_happiness.jpg,0.15,0.15,0.18,0.17,0.18,0.17
dataset/validation_set/img517_anger.jpg,0.14,0.14,0.18,0.16,0.19,0.19
dataset/validation_set/img263_disgust.jpg,0.15,0.16,0.15,0.16,0.19,0.2
dataset/validation_set/img388_happiness.jpg,0.15,0.16,0.19,0.17,0.16,0.16
dataset/validation_set/img057_surprise.jpg,0.15,0.18,0.15,0.18,0.18,0.17
dataset/validation_set/img002_surprise.jpg,0.14,0.17,0.18,0.15,0.18,0.17
dataset/validation_set/img172_fear.jpg,0.14,0.16,0.17,0.17,0.18,0.18
dataset/validation_set/img173_fear.jpg,0.14,0.16,0.17,0.18,0.19,0.17
dataset/validation_set/img411_sadness.jpg,0.14,0.16,0.17,0.17,0.17,0.19
dataset/validation_set/img503_anger.jpg,0.14,0.16,0.15,0.17,0.21,0.18
dataset/validation_set/img461_sadness.jpg,0.13,0.16,0.18,0.16,0.19,0.18
dataset/validation_set/img579_anger.jpg,0.14,0.16,0.17,0.17,0.19,0.16
dataset/validation_set/img404_sadness.jpg,0.13,0.18,0.17,0.16,0.17,0.19
dataset/validation_set/img061_surprise.jpg,0.17,0.14,0.16,0.2,0.17,0.16
dataset/validation_set/img034_surprise.jpg,0.15,0.16,0.16,0.16,0.19,0.18
dataset/validation_set/img356_happiness.jpg,0.13,0.17,0.15,0.2,0.19,0.17
dataset/validation_set/img228_disgust.jpg,0.16,0.14,0.18,0.17,0.18,0.17
dataset/validation_set/img146_fear.jpg,0.15,0.16,0.17,0.18,0.16,0.18
dataset/validation_set/img147_fear.jpg,0.13,0.14,0.15,0.21,0.2,0.17
dataset/validation_set/img341_happiness.jpg,0.13,0.15,0.17,0.17,0.17,0.2
dataset/validation_set/img555_anger.jpg,0.16,0.16,0.16,0.18,0.18,0.15
dataset/validation_set/img489_sadness.jpg,0.14,0.16,0.15,0.2,0.18,0.16
dataset/validation_set/img474_sadness.jpg,0.14,0.16,0.2,0.16,0.16,0.17
dataset/validation_set/img066_surprise.jpg,0.15,0.16,0.17,0.16,0.18,0.18
dataset/validation_set/img033_surprise.jpg,0.16,0.16,0.16,0.15,0.22,0.15
dataset/validation_set/img099_surprise.jpg,0.15,0.13,0.17,0.19,0.19,0.18
dataset/validation_set/img258_disgust.jpg,0.15,0.15,0.19,0.18,0.18,0.15
dataset/validation_set/img206_disgust.jpg,0.16,0.16,0.15,0.16,0.19,0.18
dataset/validation_set/img588_anger.jpg,0.13,0.15,0.15,0.19,0.19,0.19
dataset/validation_set/img541_anger.jpg,0.13,0.18,0.18,0.17,0.16,0.17
dataset/validation_set/img276_disgust.jpg,0.14,0.16,0.16,0.17,0.19,0.18
dataset/validation_set/img378_happiness.jpg,0.14,0.17,0.15,0.18,0.17,0.19
dataset/validation_set/img073_surprise.jpg,0.16,0.17,0.18,0.16,0.15,0.18
dataset/validation_set/img026_surprise.jpg,0.16,0.14,0.17,0.18,0.17,0.18
dataset/validation_set/img297_disgust.jpg,0.12,0.13,0.18,0.17,0.2,0.2
dataset/validation_set/img446_sadness.jpg,0.15,0.16,0.16,0.16,0.19,0.17
dataset/validation_set/img560_anger.jpg,0.14,0.16,0.13,0.16,0.21,0.2
dataset/validation_set/img345_happiness.jpg,0.14,0.15,0.15,0.19,0.18,0.18
dataset/validation_set/img074_surprise.jpg,0.14,0.18,0.18,0.17,0.18,0.15
dataset/validation_set/img021_surprise.jpg,0.15,0.17,0.16,0.15,0.18,0.18
dataset/validation_set/img352_happiness.jpg,0.13,0.14,0.17,0.18,0.21,0.17
dataset/validation_set/img436_sadness.jpg,0.14,0.18,0.18,0.17,0.16,0.17
dataset/validation_set/img178_fear.jpg,0.14,0.17,0.16,0.19,0.18,0.17
dataset/validation_set/img179_fear.jpg,0.16,0.16,0.17,0.16,0.17,0.18
dataset/validation_set/img244_disgust.jpg,0.14,0.16,0.19,0.16,0.18,0.17
dataset/validation_set/img468_sadness.jpg,0.14,0.16,0.18,0.17,0.19,0.15
dataset/validation_set/img495_sadness.jpg,0.16,0.15,0.16,0.14,0.2,0.19
dataset/validation_set/img131_fear.jpg,0.18,0.16,0.19,0.14,0.18,0.16
dataset/validation_set/img130_fear.jpg,0.16,0.16,0.17,0.17,0.18,0.16
dataset/validation_set/img234_disgust.jpg,0.13,0.17,0.15,0.16,0.18,0.21
dataset/validation_set/img418_sadness.jpg,0.15,0.14,0.16,0.18,0.18,0.19
dataset/validation_set/img574_anger.jpg,0.14,0.16,0.16,0.15,0.21,0.18
dataset/validation_set/img403_sadness.jpg,0.13,0.15,0.14,0.15,0.22,0.21
dataset/validation_set/img533_anger.jpg,0.14,0.16,0.18,0.16,0.19,0.17
dataset/validation_set/img473_sadness.jpg,0.15,0.17,0.17,0.17,0.18,0.16
dataset/validation_set/img549_anger.jpg,0.13,0.15,0.15,0.22,0.17,0.17
dataset/validation_set/img580_anger.jpg,0.16,0.15,0.15,0.19,0.16,0.19
dataset/validation_set/img389_happiness.jpg,0.16,0.14,0.16,0.17,0.21,0.16
dataset/validation_set/img594_anger.jpg,0.15,0.14,0.17,0.18,0.21,0.15
dataset/validation_set/img334_happiness.jpg,0.16,0.17,0.17,0.18,0.14,0.18
dataset/validation_set/img201_disgust.jpg,0.13,0.16,0.17,0.17,0.18,0.2
dataset/validation_set/img012_surprise.jpg,0.17,0.15,0.18,0.17,0.19,0.14
dataset/validation_set/img047_surprise.jpg,0.13,0.17,0.18,0.16,0.19,0.17
dataset/validation_set/img527_anger.jpg,0.13,0.18,0.18,0.16,0.18,0.18
dataset/validation_set/img323_happiness.jpg,0.12,0.18,0.14,0.18,0.18,0.19
dataset/validation_set/img271_disgust.jpg,0.14,0.14,0.16,0.18,0.2,0.18
dataset/validation_set/img155_fear.jpg,0.15,0.16,0.17,0.17,0.2,0.15
dataset/validation_set/img015_surprise.jpg,0.13,0.17,0.17,0.18,0.17,0.17
dataset/validation_set/img154_fear.jpg,0.11,0.18,0.15,0.16,0.24,0.17
dataset/validation_set/img040_surprise.jpg,0.12,0.16,0.19,0.16,0.18,0.19
dataset/validation_set/img441_sadness.jpg,0.15,0.2,0.15,0.17,0.18,0.16
dataset/validation_set/img290_disgust.jpg,0.14,0.16,0.16,0.15,0.22,0.18
dataset/validation_set/img431_sadness.jpg,0.17,0.15,0.14,0.16,0.19,0.19
dataset/validation_set/img506_anger.jpg,0.15,0.17,0.17,0.16,0.19,0.17
dataset/validation_set/img122_fear.jpg,0.14,0.16,0.16,0.16,0.21,0.18
dataset/validation_set/img309_happiness.jpg,0.15,0.15,0.15,0.17,0.16,0.22
dataset/validation_set/img123_fear.jpg,0.13,0.16,0.17,0.16,0.19,0.19
dataset/validation_set/img492_sadness.jpg,0.15,0.19,0.18,0.16,0.16,0.16
dataset/validation_set/img000_surprise.jpg,0.13,0.16,0.16,0.19,0.16,0.2
dataset/validation_set/img055_surprise.jpg,0.15,0.15,0.17,0.17,0.19,0.16
dataset/validation_set/img327_happiness.jpg,0.14,0.17,0.16,0.17,0.19,0.17
dataset/validation_set/img243_disgust.jpg,0.14,0.14,0.21,0.15,0.19,0.17
dataset/validation_set/img512_anger.jpg,0.15,0.16,0.16,0.17,0.18,0.18
dataset/validation_set/img007_surprise.jpg,0.13,0.17,0.16,0.17,0.2,0.17
dataset/validation_set/img052_surprise.jpg,0.16,0.16,0.17,0.18,0.16,0.18
dataset/validation_set/img330_happiness.jpg,0.14,0.17,0.2,0.14,0.16,0.18
dataset/validation_set/img233_disgust.jpg,0.14,0.15,0.16,0.21,0.17,0.17
dataset/validation_set/img568_anger.jpg,0.15,0.17,0.17,0.16,0.16,0.19
dataset/validation_set/img487_sadness.jpg,0.15,0.16,0.16,0.18,0.19,0.17
dataset/validation_set/img256_disgust.jpg,0.14,0.16,0.17,0.17,0.17,0.18
dataset/validation_set/img544_anger.jpg,0.14,0.16,0.17,0.17,0.17,0.18
dataset/validation_set/img226_disgust.jpg,0.14,0.17,0.14,0.16,0.19,0.19
dataset/validation_set/img454_sadness.jpg,0.12,0.18,0.18,0.15,0.18,0.2
dataset/validation_set/img031_surprise.jpg,0.12,0.16,0.19,0.17,0.18,0.17
dataset/validation_set/img064_surprise.jpg,0.14,0.18,0.16,0.15,0.18,0.18
dataset/validation_set/img278_disgust.jpg,0.17,0.14,0.17,0.17,0.18,0.18
dataset/validation_set/img353_happiness.jpg,0.12,0.19,0.16,0.19,0.17,0.17
dataset/validation_set/img116_fear.jpg,0.14,0.15,0.19,0.19,0.16,0.17
dataset/validation_set/img285_disgust.jpg,0.13,0.17,0.15,0.18,0.18,0.19
dataset/validation_set/img117_fear.jpg,0.14,0.15,0.16,0.16,0.22,0.16
dataset/validation_set/img599_anger.jpg,0.17,0.16,0.12,0.17,0.19,0.18
dataset/validation_set/img550_anger.jpg,0.14,0.17,0.16,0.17,0.18,0.18
dataset/validation_set/img424_sadness.jpg,0.13,0.16,0.17,0.17,0.18,0.19
dataset/validation_set/img184_fear.jpg,0.15,0.16,0.19,0.16,0.17,0.16
dataset/validation_set/img185_fear.jpg,0.16,0.17,0.17,0.17,0.16,0.17
dataset/validation_set/img036_surprise.jpg,0.12,0.15,0.14,0.18,0.21,0.2
dataset/validation_set/img063_surprise.jpg,0.13,0.17,0.17,0.17,0.18,0.18
dataset/validation_set/img208_disgust.jpg,0.15,0.18,0.15,0.16,0.18,0.18
dataset/validation_set/img344_happiness.jpg,0.16,0.15,0.18,0.18,0.17,0.18
dataset/validation_set/img379_happiness.jpg,0.14,0.15,0.18,0.17,0.18,0.18
dataset/validation_set/img161_fear.jpg,0.14,0.16,0.16,0.15,0.2,0.2
dataset/validation_set/img214_disgust.jpg,0.14,0.14,0.17,0.17,0.17,0.21
dataset/validation_set/img160_fear.jpg,0.15,0.15,0.18,0.15,0.18,0.18
dataset/validation_set/img571_anger.jpg,0.15,0.18,0.13,0.17,0.19,0.17
dataset/validation_set/img438_sadness.jpg,0.17,0.16,0.18,0.16,0.17,0.16
dataset/validation_set/img299_disgust.jpg,0.15,0.13,0.16,0.17,0.2,0.19
dataset/validation_set/img264_disgust.jpg,0.15,0.16,0.16,0.19,0.17,0.18
dataset/validation_set/img448_sadness.jpg,0.15,0.17,0.16,0.21,0.17,0.15
dataset/validation_set/img416_sadness.jpg,0.14,0.17,0.15,0.18,0.19,0.18
dataset/validation_set/img128_fear.jpg,0.13,0.17,0.19,0.17,0.15,0.19
dataset/validation_set/img340_happiness.jpg,0.16,0.18,0.18,0.17,0.17,0.14
dataset/validation_set/img129_fear.jpg,0.13,0.17,0.19,0.16,0.18,0.17
dataset/validation_set/img023_surprise.jpg,0.16,0.17,0.14,0.15,0.21,0.16
dataset/validation_set/img076_surprise.jpg,0.15,0.16,0.18,0.19,0.17,0.15
dataset/validation_set/img089_surprise.jpg,0.16,0.15,0.14,0.17,0.2,0.17
dataset/validation_set/img466_sadness.jpg,0.14,0.16,0.17,0.19,0.16,0.19
dataset/validation_set/img565_anger.jpg,0.14,0.16,0.16,0.17,0.2,0.18
dataset/validation_set/img024_surprise.jpg,0.14,0.12,0.2,0.18,0.17,0.18
dataset/validation_set/img071_surprise.jpg,0.13,0.13,0.18,0.19,0.17,0.19
dataset/validation_set/img357_happiness.jpg,0.14,0.13,0.18,0.18,0.16,0.2
dataset/validation_set/img500_anger.jpg,0.14,0.17,0.17,0.17,0.2,0.16
dataset/validation_set/img142_fear.jpg,0.14,0.15,0.2,0.19,0.16,0.16
dataset/validation_set/img421_sadness.jpg,0.14,0.16,0.16,0.16,0.23,0.15
dataset/validation_set/img143_fear.jpg,0.12,0.19,0.18,0.17,0.17,0.18
dataset/validation_set/img280_disgust.jpg,0.13,0.17,0.18,0.19,0.17,0.16
dataset/validation_set/img451_sadness.jpg,0.16,0.16,0.18,0.17,0.16,0.17
dataset/validation_set/img369_happiness.jpg,0.18,0.15,0.17,0.17,0.17,0.16
dataset/validation_set/img223_disgust.jpg,0.16,0.16,0.18,0.16,0.16,0.18
dataset/validation_set/img347_happiness.jpg,0.14,0.16,0.17,0.18,0.18,0.16
dataset/validation_set/img053_surprise.jpg,0.16,0.18,0.17,0.14,0.2,0.16
dataset/validation_set/img006_surprise.jpg,0.14,0.17,0.18,0.16,0.18,0.17
dataset/validation_set/img253_disgust.jpg,0.13,0.12,0.14,0.18,0.21,0.21
dataset/validation_set/img054_surprise.jpg,0.14,0.16,0.17,0.16,0.2,0.17
dataset/validation_set/img001_surprise.jpg,0.14,0.18,0.17,0.15,0.18,0.18
dataset/validation_set/img482_sadness.jpg,0.14,0.15,0.14,0.19,0.18,0.21
dataset/validation_set/img350_happiness.jpg,0.15,0.18,0.18,0.16,0.17,0.17
dataset/validation_set/img199_fear.jpg,0.16,0.2,0.16,0.15,0.16,0.17
dataset/validation_set/img514_anger.jpg,0.16,0.16,0.17,0.14,0.19,0.18
dataset/validation_set/img198_fear.jpg,0.15,0.14,0.16,0.18,0.18,0.19
dataset/validation_set/img463_sadness.jpg,0.11,0.17,0.19,0.15,0.2,0.18
dataset/validation_set/img586_anger.jpg,0.13,0.18,0.17,0.18,0.18,0.16
dataset/validation_set/img413_sadness.jpg,0.14,0.13,0.16,0.21,0.19,0.17
dataset/validation_set/img535_anger.jpg,0.16,0.16,0.15,0.17,0.18,0.17
dataset/validation_set/img521_anger.jpg,0.16,0.14,0.17,0.17,0.18,0.18
dataset/validation_set/img261_disgust.jpg,0.14,0.17,0.17,0.18,0.17,0.17
dataset/validation_set/img041_surprise.jpg,0.15,0.16,0.16,0.18,0.16,0.17
dataset/validation_set/img014_surprise.jpg,0.15,0.13,0.16,0.17,0.19,0.2
dataset/validation_set/img354_happiness.jpg,0.15,0.18,0.17,0.13,0.2,0.17
dataset/validation_set/img135_fear.jpg,0.14,0.13,0.15,0.15,0.22,0.2
dataset/validation_set/img134_fear.jpg,0.14,0.16,0.14,0.19,0.18,0.19
dataset/validation_set/img211_disgust.jpg,0.15,0.15,0.16,0.19,0.18,0.18
dataset/validation_set/img592_anger.jpg,0.15,0.17,0.15,0.17,0.19,0.17
dataset/validation_set/img046_surprise.jpg,0.17,0.17,0.16,0.16,0.19,0.15
dataset/validation_set/img013_surprise.jpg,0.15,0.14,0.18,0.17,0.18,0.18
dataset/validation_set/img343_happiness.jpg,0.14,0.19,0.14,0.16,0.19,0.17
dataset/validation_set/img274_disgust.jpg,0.13,0.18,0.16,0.17,0.2,0.16
dataset/validation_set/img319_happiness.jpg,0.13,0.14,0.16,0.18,0.18,0.21
dataset/validation_set/img193_fear.jpg,0.12,0.12,0.17,0.2,0.2,0.19
dataset/validation_set/img192_fear.jpg,0.16,0.16,0.16,0.15,0.2,0.17
dataset/validation_set/img458_sadness.jpg,0.15,0.17,0.16,0.2,0.16,0.17
dataset/validation_set/img289_disgust.jpg,0.15,0.16,0.15,0.17,0.19,0.18
dataset/validation_set/img204_disgust.jpg,0.15,0.16,0.17,0.17,0.18,0.17
dataset/validation_set/img428_sadness.jpg,0.14,0.13,0.2,0.18,0.19,0.16
dataset/validation_set/img577_anger.jpg,0.16,0.15,0.16,0.16,0.19,0.19
dataset/validation_set/img101_fear.jpg,0.12,0.16,0.19,0.16,0.19,0.18
dataset/validation_set/img100_fear.jpg,0.14,0.16,0.17,0.16,0.2,0.17
dataset/validation_set/img070_surprise.jpg,0.15,0.17,0.15,0.17,0.2,0.17
dataset/validation_set/img025_surprise.jpg,0.16,0.14,0.17,0.17,0.16,0.21
dataset/validation_set/img320_happiness.jpg,0.14,0.16,0.16,0.21,0.16,0.17
dataset/validation_set/img563_anger.jpg,0.15,0.16,0.15,0.17,0.17,0.2
dataset/validation_set/img476_sadness.jpg,0.15,0.15,0.18,0.17,0.18,0.16
dataset/validation_set/img148_fear.jpg,0.14,0.14,0.17,0.18,0.19,0.18
dataset/validation_set/img088_surprise.jpg,0.14,0.16,0.19,0.17,0.17,0.18
dataset/validation_set/img077_surprise.jpg,0.12,0.16,0.14,0.19,0.21,0.17
dataset/validation_set/img022_surprise.jpg,0.16,0.17,0.15,0.17,0.16,0.19
dataset/validation_set/img519_anger.jpg,0.14,0.17,0.16,0.17,0.2,0.17
dataset/validation_set/img149_fear.jpg,0.15,0.18,0.16,0.16,0.18,0.18
dataset/validation_set/img337_happiness.jpg,0.15,0.16,0.17,0.16,0.2,0.17
dataset/validation_set/img406_sadness.jpg,0.15,0.17,0.16,0.17,0.18,0.16
dataset/validation_set/img236_disgust.jpg,0.14,0.16,0.15,0.15,0.2,0.19
dataset/validation_set/img542_anger.jpg,0.16,0.16,0.18,0.19,0.16,0.16
dataset/validation_set/img538_anger.jpg,0.12,0.15,0.17,0.17,0.2,0.19
dataset/validation_set/img246_disgust.jpg,0.13,0.18,0.16,0.16,0.21,0.17
dataset/validation_set/img497_sadness.jpg,0.13,0.18,0.15,0.18,0.18,0.18
dataset/validation_set/img333_happiness.jpg,0.15,0.15,0.15,0.17,0.19,0.19
dataset/validation_set/img434_sadness.jpg,0.14,0.17,0.17,0.19,0.17,0.18
dataset/validation_set/img218_disgust.jpg,0.14,0.18,0.14,0.17,0.17,0.19
dataset/validation_set/img062_surprise.jpg,0.13,0.17,0.16,0.18,0.18,0.18
dataset/validation_set/img037_surprise.jpg,0.14,0.17,0.16,0.17,0.18,0.19
dataset/validation_set/img295_disgust.jpg,0.14,0.15,0.15,0.19,0.19,0.18
dataset/validation_set/img324_happiness.jpg,0.14,0.16,0.17,0.16,0.17,0.19
dataset/validation_set/img444_sadness.jpg,0.15,0.16,0.15,0.16,0.18,0.2
dataset/validation_set/img556_anger.jpg,0.13,0.15,0.15,0.17,0.18,0.21
dataset/validation_set/img176_fear.jpg,0.13,0.17,0.17,0.17,0.18,0.19
dataset/validation_set/img399_happiness.jpg,0.17,0.16,0.18,0.16,0.17,0.17
dataset/validation_set/img268_disgust.jpg,0.13,0.18,0.15,0.18,0.21,0.15
dataset/validation_set/img065_surprise.jpg,0.15,0.15,0.15,0.15,0.18,0.23
dataset/validation_set/img030_surprise.jpg,0.14,0.15,0.16,0.17,0.19,0.18
dataset/validation_set/img177_fear.jpg,0.17,0.16,0.15,0.18,0.17,0.18
dataset/validation_set/img317_happiness.jpg,0.15,0.15,0.17,0.18,0.18,0.16
dataset/validation_set/img595_anger.jpg,0.13,0.15,0.19,0.15,0.23,0.15
dataset/validation_set/img437_sadness.jpg,0.15,0.17,0.17,0.15,0.18,0.18
dataset/validation_set/img526_anger.jpg,0.15,0.15,0.16,0.2,0.17,0.18
dataset/validation_set/img447_sadness.jpg,0.16,0.17,0.17,0.16,0.17,0.16
dataset/validation_set/img145_fear.jpg,0.11,0.16,0.17,0.16,0.21,0.19
dataset/validation_set/img144_fear.jpg,0.15,0.15,0.16,0.16,0.18,0.2
dataset/validation_set/img296_disgust.jpg,0.13,0.15,0.19,0.2,0.17,0.16
dataset/validation_set/img300_happiness.jpg,0.15,0.16,0.15,0.16,0.2,0.18
dataset/validation_set/img090_surprise.jpg,0.14,0.14,0.17,0.2,0.19,0.16
dataset/validation_set/img393_happiness.jpg,0.16,0.14,0.16,0.16,0.2,0.18
dataset/validation_set/img419_sadness.jpg,0.14,0.15,0.18,0.18,0.17,0.18
dataset/validation_set/img235_disgust.jpg,0.14,0.16,0.15,0.19,0.18,0.18
dataset/validation_set/img532_anger.jpg,0.12,0.17,0.17,0.17,0.2,0.17
dataset/validation_set/img068_surprise.jpg,0.17,0.18,0.14,0.16,0.18,0.17
dataset/validation_set/img097_surprise.jpg,0.15,0.17,0.16,0.17,0.18,0.17
dataset/validation_set/img494_sadness.jpg,0.17,0.16,0.16,0.16,0.19,0.17
dataset/validation_set/img548_anger.jpg,0.14,0.17,0.19,0.16,0.15,0.19
dataset/validation_set/img581_anger.jpg,0.18,0.15,0.15,0.15,0.19,0.2
dataset/validation_set/img339_happiness.jpg,0.15,0.14,0.16,0.15,0.22,0.17
dataset/validation_set/img469_sadness.jpg,0.14,0.14,0.17,0.18,0.17,0.21
dataset/validation_set/img245_disgust.jpg,0.13,0.17,0.17,0.16,0.19,0.19
dataset/validation_set/img384_happiness.jpg,0.15,0.16,0.17,0.16,0.18,0.18
dataset/validation_set/img259_disgust.jpg,0.15,0.16,0.16,0.16,0.18,0.18
dataset/validation_set/img304_happiness.jpg,0.13,0.18,0.16,0.17,0.19,0.17
dataset/validation_set/img475_sadness.jpg,0.16,0.15,0.15,0.18,0.17,0.2
dataset/validation_set/img488_sadness.jpg,0.15,0.16,0.18,0.15,0.19,0.17
dataset/validation_set/img513_anger.jpg,0.14,0.15,0.16,0.18,0.18,0.19
dataset/validation_set/img229_disgust.jpg,0.14,0.13,0.17,0.17,0.2,0.2
dataset/validation_set/img405_sadness.jpg,0.14,0.18,0.18,0.13,0.19,0.18
dataset/validation_set/img569_anger.jpg,0.14,0.17,0.16,0.17,0.19,0.17
dataset/validation_set/img313_happiness.jpg,0.16,0.15,0.16,0.15,0.21,0.17
dataset/validation_set/img380_happiness.jpg,0.15,0.17,0.15,0.16,0.2,0.17
dataset/validation_set/img028_surprise.jpg,0.15,0.16,0.16,0.17,0.17,0.19
dataset/validation_set/img082_surprise.jpg,0.16,0.18,0.15,0.16,0.18,0.17
dataset/validation_set/img277_disgust.jpg,0.15,0.18,0.18,0.17,0.16,0.16
dataset/validation_set/img507_anger.jpg,0.14,0.16,0.14,0.19,0.18,0.19
dataset/validation_set/img132_fear.jpg,0.14,0.16,0.18,0.17,0.19,0.16
dataset/validation_set/img133_fear.jpg,0.16,0.16,0.15,0.17,0.18,0.19
dataset/validation_set/img207_disgust.jpg,0.15,0.14,0.16,0.19,0.18,0.19
dataset/validation_set/img085_surprise.jpg,0.15,0.19,0.16,0.17,0.17,0.17
dataset/validation_set/img397_happiness.jpg,0.13,0.15,0.15,0.18,0.18,0.2
dataset/validation_set/img370_happiness.jpg,0.15,0.14,0.17,0.17,0.18,0.19
dataset/validation_set/img598_anger.jpg,0.14,0.15,0.17,0.17,0.18,0.2
dataset/validation_set/img551_anger.jpg,0.15,0.18,0.15,0.16,0.21,0.16
dataset/validation_set/img106_fear.jpg,0.13,0.17,0.16,0.16,0.17,0.21
dataset/validation_set/img107_fear.jpg,0.16,0.15,0.18,0.16,0.2,0.15
dataset/validation_set/img262_disgust.jpg,0.14,0.17,0.17,0.19,0.15,0.18
dataset/validation_set/img194_fear.jpg,0.15,0.17,0.14,0.14,0.21,0.19
dataset/validation_set/img195_fear.jpg,0.15,0.15,0.17,0.15,0.18,0.21
dataset/validation_set/img367_happiness.jpg,0.14,0.18,0.16,0.15,0.19,0.18
dataset/validation_set/img212_disgust.jpg,0.16,0.16,0.18,0.16,0.19,0.15
dataset/validation_set/img460_sadness.jpg,0.14,0.17,0.17,0.16,0.19,0.17
dataset/validation_set/img349_happiness.jpg,0.13,0.17,0.17,0.18,0.19,0.16
dataset/validation_set/img019_surprise.jpg,0.14,0.16,0.17,0.18,0.16,0.18
dataset/validation_set/img545_anger.jpg,0.14,0.15,0.18,0.18,0.19,0.16
dataset/validation_set/img410_sadness.jpg,0.14,0.17,0.16,0.18,0.18,0.18
dataset/validation_set/img138_fear.jpg,0.15,0.14,0.16,0.18,0.17,0.19
dataset/validation_set/img363_happiness.jpg,0.15,0.21,0.17,0.13,0.18,0.16
dataset/validation_set/img139_fear.jpg,0.15,0.18,0.15,0.16,0.19,0.18
dataset/validation_set/img220_disgust.jpg,0.14,0.16,0.15,0.18,0.17,0.2
dataset/validation_set/img481_sadness.jpg,0.15,0.17,0.13,0.18,0.19,0.18
dataset/validation_set/img564_anger.jpg,0.17,0.16,0.17,0.18,0.15,0.17
dataset/validation_set/img374_happiness.jpg,0.16,0.17,0.14,0.17,0.19,0.17
dataset/validation_set/img250_disgust.jpg,0.14,0.13,0.13,0.18,0.19,0.23
dataset/validation_set/img422_sadness.jpg,0.14,0.15,0.16,0.18,0.2,0.16
dataset/validation_set/img570_anger.jpg,0.13,0.16,0.15,0.17,0.17,0.21
dataset/validation_set/img171_fear.jpg,0.13,0.15,0.17,0.21,0.15,0.19
dataset/validation_set/img170_fear.jpg,0.15,0.14,0.16,0.18,0.18,0.2
dataset/validation_set/img452_sadness.jpg,0.14,0.14,0.17,0.2,0.17,0.18
dataset/validation_set/img059_surprise.jpg,0.12,0.16,0.17,0.17,0.2,0.17
dataset/validation_set/img283_disgust.jpg,0.15,0.16,0.18,0.16,0.18,0.17
dataset/validation_set/img364_happiness.jpg,0.15,0.16,0.16,0.16,0.19,0.17
dataset/validation_set/img239_disgust.jpg,0.15,0.17,0.17,0.17,0.18,0.16
dataset/validation_set/img415_sadness.jpg,0.13,0.17,0.17,0.18,0.2,0.16
dataset/validation_set/img498_sadness.jpg,0.14,0.16,0.17,0.17,0.18,0.19
dataset/validation_set/img189_fear.jpg,0.13,0.16,0.17,0.18,0.19,0.17
dataset/validation_set/img515_anger.jpg,0.14,0.14,0.17,0.16,0.2,0.19
dataset/validation_set/img188_fear.jpg,0.14,0.14,0.16,0.18,0.19,0.18
dataset/validation_set/img249_disgust.jpg,0.16,0.15,0.14,0.19,0.17,0.18
dataset/validation_set/img373_happiness.jpg,0.14,0.17,0.15,0.18,0.17,0.2
dataset/validation_set/img465_sadness.jpg,0.12,0.17,0.16,0.17,0.17,0.2
dataset/validation_set/img217_disgust.jpg,0.15,0.17,0.17,0.14,0.2,0.17
dataset/validation_set/img084_surprise.jpg,0.12,0.17,0.16,0.18,0.21,0.17
dataset/validation_set/img501_anger.jpg,0.14,0.17,0.16,0.16,0.19,0.17
dataset/validation_set/img152_fear.jpg,0.14,0.17,0.17,0.16,0.19,0.17
dataset/validation_set/img153_fear.jpg,0.14,0.18,0.18,0.17,0.15,0.17
dataset/validation_set/img083_surprise.jpg,0.17,0.13,0.17,0.15,0.2,0.18
dataset/validation_set/img267_disgust.jpg,0.14,0.2,0.16,0.19,0.17,0.15
dataset/validation_set/img029_surprise.jpg,0.13,0.18,0.16,0.16,0.19,0.19
dataset/validation_set/img377_happiness.jpg,0.13,0.17,0.17,0.15,0.2,0.18
dataset/validation_set/img520_anger.jpg,0.15,0.15,0.15,0.17,0.21,0.18
dataset/validation_set/img286_disgust.jpg,0.16,0.16,0.17,0.16,0.15,0.19
dataset/validation_set/img457_sadness.jpg,0.13,0.17,0.16,0.2,0.19,0.16
dataset/validation_set/img125_fear.jpg,0.13,0.17,0.18,0.16,0.19,0.17
dataset/validation_set/img124_fear.jpg,0.16,0.14,0.14,0.17,0.2,0.18
dataset/validation_set/img593_anger.jpg,0.15,0.16,0.17,0.18,0.18,0.16
dataset/validation_set/img427_sadness.jpg,0.17,0.17,0.16,0.13,0.21,0.17
dataset/validation_set/img360_happiness.jpg,0.15,0.16,0.15,0.17,0.18,0.19
dataset/validation_set/img479_sadness.jpg,0.14,0.15,0.15,0.19,0.19,0.19
dataset/validation_set/img255_disgust.jpg,0.16,0.18,0.16,0.16,0.17,0.17
dataset/validation_set/img096_surprise.jpg,0.14,0.17,0.17,0.15,0.18,0.18
dataset/validation_set/img069_surprise.jpg,0.14,0.17,0.17,0.18,0.17,0.17
dataset/validation_set/img484_sadness.jpg,0.16,0.15,0.16,0.17,0.16,0.19
dataset/validation_set/img587_anger.jpg,0.13,0.17,0.15,0.13,0.21,0.21
dataset/validation_set/img409_sadness.jpg,0.15,0.17,0.16,0.16,0.19,0.18
dataset/validation_set/img225_disgust.jpg,0.15,0.16,0.16,0.17,0.19,0.17
dataset/validation_set/img359_happiness.jpg,0.16,0.17,0.16,0.17,0.18,0.16
dataset/validation_set/img091_surprise.jpg,0.13,0.16,0.17,0.19,0.17,0.18
dataset/validation_set/img534_anger.jpg,0.11,0.15,0.15,0.2,0.19,0.2
dataset/validation_set/img303_happiness.jpg,0.16,0.21,0.15,0.15,0.17,0.16
dataset/validation_set/img562_anger.jpg,0.12,0.15,0.16,0.17,0.19,0.21
dataset/validation_set/img240_disgust.jpg,0.13,0.15,0.16,0.18,0.19,0.2
dataset/validation_set/img491_sadness.jpg,0.13,0.15,0.15,0.17,0.19,0.2
dataset/validation_set/img230_disgust.jpg,0.12,0.16,0.17,0.16,0.21,0.18
dataset/validation_set/img158_fear.jpg,0.17,0.14,0.17,0.16,0.18,0.18
dataset/validation_set/img518_anger.jpg,0.16,0.13,0.16,0.16,0.21,0.17
dataset/validation_set/img159_fear.jpg,0.16,0.16,0.13,0.18,0.19,0.18
dataset/validation_set/img314_happiness.jpg,0.14,0.16,0.16,0.18,0.2,0.16
dataset/validation_set/img183_fear.jpg,0.13,0.17,0.17,0.17,0.17,0.2
dataset/validation_set/img387_happiness.jpg,0.16,0.15,0.17,0.17,0.2,0.15
dataset/validation_set/img182_fear.jpg,0.14,0.18,0.15,0.18,0.17,0.18
dataset/validation_set/img293_disgust.jpg,0.14,0.18,0.17,0.14,0.19,0.19
dataset/validation_set/img058_surprise.jpg,0.14,0.16,0.19,0.16,0.17,0.18
dataset/validation_set/img442_sadness.jpg,0.15,0.16,0.18,0.16,0.19,0.17
dataset/validation_set/img111_fear.jpg,0.13,0.18,0.16,0.16,0.19,0.18
dataset/validation_set/img110_fear.jpg,0.16,0.15,0.16,0.16,0.2,0.17
dataset/validation_set/img576_anger.jpg,0.16,0.14,0.16,0.19,0.18,0.17
dataset/validation_set/img390_happiness.jpg,0.15,0.17,0.16,0.16,0.2,0.15
dataset/validation_set/img432_sadness.jpg,0.15,0.18,0.15,0.16,0.17,0.18
dataset/validation_set/img310_happiness.jpg,0.16,0.15,0.16,0.17,0.18,0.19
dataset/validation_set/img202_disgust.jpg,0.16,0.16,0.16,0.16,0.19,0.16
dataset/validation_set/img272_disgust.jpg,0.14,0.17,0.17,0.19,0.17,0.16
dataset/validation_set/img166_fear.jpg,0.15,0.18,0.15,0.15,0.19,0.18
dataset/validation_set/img167_fear.jpg,0.15,0.16,0.14,0.19,0.19,0.17
dataset/validation_set/img307_happiness.jpg,0.14,0.15,0.18,0.19,0.16,0.19
dataset/validation_set/img557_anger.jpg,0.12,0.16,0.16,0.17,0.17,0.21
dataset/validation_set/img543_anger.jpg,0.14,0.15,0.16,0.17,0.19,0.18
dataset/validation_set/img394_happiness.jpg,0.15,0.16,0.18,0.17,0.16,0.18
dataset/validation_set/img329_happiness.jpg,0.14,0.15,0.18,0.17,0.19,0.17
dataset/validation_set/img400_sadness.jpg,0.16,0.15,0.16,0.19,0.18,0.17
dataset/validation_set/img018_surprise.jpg,0.15,0.15,0.14,0.17,0.19,0.2
dataset/validation_set/img539_anger.jpg,0.14,0.15,0.17,0.16,0.2,0.18
dataset/validation_set/img383_happiness.jpg,0.16,0.2,0.16,0.16,0.18,0.14
dataset/validation_set/img470_sadness.jpg,0.15,0.17,0.17,0.15,0.21,0.15
